-- phpMyAdmin SQL Dump
-- version 5.0.2
-- https://www.phpmyadmin.net/
--
-- Host: localhost
-- Generation Time: Sep 05, 2020 at 06:43 PM
-- Server version: 10.4.14-MariaDB
-- PHP Version: 7.4.9

SET SQL_MODE = "NO_AUTO_VALUE_ON_ZERO";
START TRANSACTION;
SET time_zone = "+00:00";


/*!40101 SET @OLD_CHARACTER_SET_CLIENT=@@CHARACTER_SET_CLIENT */;
/*!40101 SET @OLD_CHARACTER_SET_RESULTS=@@CHARACTER_SET_RESULTS */;
/*!40101 SET @OLD_COLLATION_CONNECTION=@@COLLATION_CONNECTION */;
/*!40101 SET NAMES utf8mb4 */;

--
-- Database: `storedb`
--

-- --------------------------------------------------------

--
-- Table structure for table `app_clients`
--

CREATE TABLE `app_clients` (
  `ClientId` int(10) UNSIGNED NOT NULL,
  `Name` varchar(40) NOT NULL,
  `PhoneNumber` varchar(15) NOT NULL,
  `Email` varchar(40) NOT NULL,
  `Address` varchar(50) NOT NULL
) ENGINE=InnoDB DEFAULT CHARSET=utf8;

--
-- Dumping data for table `app_clients`
--

INSERT INTO `app_clients` (`ClientId`, `Name`, `PhoneNumber`, `Email`, `Address`) VALUES
(2, 'salah', '155544', 's@g.com', '416adsfdasf');

-- --------------------------------------------------------

--
-- Table structure for table `app_expenses_categories`
--

CREATE TABLE `app_expenses_categories` (
  `ExpenseId` tinyint(3) UNSIGNED NOT NULL,
  `ExpenseName` varchar(30) NOT NULL,
  `FixedPayment` decimal(7,2) NOT NULL
) ENGINE=InnoDB DEFAULT CHARSET=utf8;

-- --------------------------------------------------------

--
-- Table structure for table `app_expenses_daily_list`
--

CREATE TABLE `app_expenses_daily_list` (
  `DExpenseId` int(10) UNSIGNED NOT NULL,
  `ExpenseId` tinyint(3) UNSIGNED NOT NULL,
  `Payment` decimal(7,2) NOT NULL,
  `Created` datetime NOT NULL,
  `UserId` int(10) UNSIGNED NOT NULL
) ENGINE=InnoDB DEFAULT CHARSET=utf8;

-- --------------------------------------------------------

--
-- Table structure for table `app_notifications`
--

CREATE TABLE `app_notifications` (
  `NotificationId` int(10) UNSIGNED NOT NULL,
  `Title` varchar(30) NOT NULL,
  `Content` varchar(255) NOT NULL,
  `Type` tinyint(2) NOT NULL,
  `Created` datetime NOT NULL,
  `UserId` int(10) UNSIGNED NOT NULL,
  `Seen` tinyint(1) DEFAULT 0
) ENGINE=InnoDB DEFAULT CHARSET=utf8;

-- --------------------------------------------------------

--
-- Table structure for table `app_products_categories`
--

CREATE TABLE `app_products_categories` (
  `CategoryId` int(10) UNSIGNED NOT NULL,
  `Name` varchar(30) NOT NULL,
  `Image` varchar(40) DEFAULT NULL
) ENGINE=InnoDB DEFAULT CHARSET=utf8;

--
-- Dumping data for table `app_products_categories`
--

INSERT INTO `app_products_categories` (`CategoryId`, `Name`, `Image`) VALUES
(3, 'personal', 'c2fsyw_gxlmpw_zyqyys_qwnyr5_zu5du0.jpg');

-- --------------------------------------------------------

--
-- Table structure for table `app_products_list`
--

CREATE TABLE `app_products_list` (
  `ProductId` int(10) UNSIGNED NOT NULL,
  `CategoryId` int(10) UNSIGNED NOT NULL,
  `Name` varchar(50) NOT NULL,
  `Image` varchar(40) DEFAULT NULL,
  `Quantity` smallint(5) UNSIGNED NOT NULL,
  `BuyPrice` decimal(6,2) NOT NULL,
  `BarCode` char(20) DEFAULT NULL,
  `Unit` tinyint(1) NOT NULL,
  `SellPrice` decimal(6,2) NOT NULL
) ENGINE=InnoDB DEFAULT CHARSET=utf8;

--
-- Dumping data for table `app_products_list`
--

INSERT INTO `app_products_list` (`ProductId`, `CategoryId`, `Name`, `Image`, `Quantity`, `BuyPrice`, `BarCode`, `Unit`, `SellPrice`) VALUES
(1, 3, 'profile', 'chjvzm_lszs5q_cgckmm_ekmdck_ewvoq1.jpg', 400, '120.00', NULL, 4, '250.00');

-- --------------------------------------------------------

--
-- Table structure for table `app_purchases_invoices`
--

CREATE TABLE `app_purchases_invoices` (
  `InvoiceId` int(10) UNSIGNED NOT NULL,
  `SupplierId` int(10) UNSIGNED NOT NULL,
  `PaymentType` tinyint(1) NOT NULL,
  `PaymentStatus` tinyint(1) NOT NULL,
  `Created` date NOT NULL,
  `Discount` decimal(8,2) DEFAULT NULL,
  `UserId` int(10) UNSIGNED NOT NULL
) ENGINE=InnoDB DEFAULT CHARSET=utf8;

-- --------------------------------------------------------

--
-- Table structure for table `app_purchases_invoices_details`
--

CREATE TABLE `app_purchases_invoices_details` (
  `Id` int(10) UNSIGNED NOT NULL,
  `ProductId` int(10) UNSIGNED NOT NULL,
  `Quantity` smallint(6) NOT NULL,
  `ProductPrice` decimal(7,2) NOT NULL,
  `InvoiceId` int(10) UNSIGNED NOT NULL
) ENGINE=InnoDB DEFAULT CHARSET=utf8;

-- --------------------------------------------------------

--
-- Table structure for table `app_purchases_invoices_receipts`
--

CREATE TABLE `app_purchases_invoices_receipts` (
  `ReceiptId` int(10) UNSIGNED NOT NULL,
  `InvoiceId` int(10) UNSIGNED NOT NULL,
  `PaymentType` tinyint(1) NOT NULL,
  `PaymentAmount` decimal(8,2) NOT NULL,
  `PaymentLiteral` varchar(60) NOT NULL,
  `BankName` varchar(30) DEFAULT NULL,
  `BankAccountNumber` varchar(30) DEFAULT NULL,
  `CheckNumber` varchar(15) DEFAULT NULL,
  `TransferedTo` varchar(30) DEFAULT NULL,
  `Created` date NOT NULL,
  `UserId` int(10) UNSIGNED NOT NULL
) ENGINE=InnoDB DEFAULT CHARSET=utf8;

-- --------------------------------------------------------

--
-- Table structure for table `app_sales_invoices`
--

CREATE TABLE `app_sales_invoices` (
  `InvoiceId` int(10) UNSIGNED NOT NULL,
  `ClientId` int(10) UNSIGNED NOT NULL,
  `PaymentType` tinyint(1) NOT NULL,
  `PaymentStatus` tinyint(1) NOT NULL,
  `Created` date NOT NULL,
  `Discount` decimal(8,2) DEFAULT NULL,
  `UserId` int(10) UNSIGNED NOT NULL
) ENGINE=InnoDB DEFAULT CHARSET=utf8;

-- --------------------------------------------------------

--
-- Table structure for table `app_sales_invoices_details`
--

CREATE TABLE `app_sales_invoices_details` (
  `Id` int(10) UNSIGNED NOT NULL,
  `ProductId` int(10) UNSIGNED NOT NULL,
  `Quantity` smallint(6) NOT NULL,
  `ProductPrice` decimal(7,2) NOT NULL,
  `InvoiceId` int(10) UNSIGNED NOT NULL
) ENGINE=InnoDB DEFAULT CHARSET=utf8;

-- --------------------------------------------------------

--
-- Table structure for table `app_sales_invoices_receipts`
--

CREATE TABLE `app_sales_invoices_receipts` (
  `ReceiptId` int(10) UNSIGNED NOT NULL,
  `InvoiceId` int(10) UNSIGNED NOT NULL,
  `PaymentType` tinyint(1) NOT NULL,
  `PaymentAmount` decimal(8,2) NOT NULL,
  `PaymentLiteral` varchar(60) NOT NULL,
  `BankName` varchar(30) DEFAULT NULL,
  `BankAccountNumber` varchar(30) DEFAULT NULL,
  `CheckNumber` varchar(15) DEFAULT NULL,
  `TransferedTo` varchar(30) DEFAULT NULL,
  `Created` date NOT NULL,
  `UserId` int(10) UNSIGNED NOT NULL
) ENGINE=InnoDB DEFAULT CHARSET=utf8;

-- --------------------------------------------------------

--
-- Table structure for table `app_suppliers`
--

CREATE TABLE `app_suppliers` (
  `SupplierId` int(10) UNSIGNED NOT NULL,
  `Name` varchar(40) NOT NULL,
  `PhoneNumber` varchar(15) NOT NULL,
  `Email` varchar(40) NOT NULL,
  `Address` varchar(50) NOT NULL
) ENGINE=InnoDB DEFAULT CHARSET=utf8;

--
-- Dumping data for table `app_suppliers`
--

INSERT INTO `app_suppliers` (`SupplierId`, `Name`, `PhoneNumber`, `Email`, `Address`) VALUES
(2, 'nniasda', '25465464', 'jkn@nf.cikm', '6d4fsd6f'),
(4, 'nedal', '1255465022', 'nedal@gmail.com', 'sontra');

-- --------------------------------------------------------

--
-- Table structure for table `app_users`
--

CREATE TABLE `app_users` (
  `UserId` int(10) UNSIGNED NOT NULL,
  `Username` varchar(12) NOT NULL,
  `Password` char(60) NOT NULL,
  `Email` varchar(40) NOT NULL,
  `PhoneNumber` varchar(15) DEFAULT NULL,
  `SubscriptionDate` date NOT NULL DEFAULT current_timestamp(),
  `LastLogin` datetime NOT NULL DEFAULT current_timestamp(),
  `GroupId` tinyint(1) UNSIGNED NOT NULL,
  `Status` tinyint(1) NOT NULL DEFAULT 1
) ENGINE=InnoDB DEFAULT CHARSET=utf8;

--
-- Dumping data for table `app_users`
--

INSERT INTO `app_users` (`UserId`, `Username`, `Password`, `Email`, `PhoneNumber`, `SubscriptionDate`, `LastLogin`, `GroupId`, `Status`) VALUES
(5, 'infoforma', '$2a$07$yeNCSNwRpYopOhv0TrrReOunIisW1b8.JDsNKxyuF3O29C6ouWfCC', 'y@h.com', '0123456', '0000-00-00', '2020-09-01 20:25:43', 3, 1),
(6, 'swapcode', '$2a$07$yeNCSNwRpYopOhv0TrrReOphzgRcvDzj/o7v62kIumYOPlPspDNh6', 'swap@code.com', '123456', '0000-00-00', '2020-09-02 20:12:33', 3, 1);

-- --------------------------------------------------------

--
-- Table structure for table `app_users_groups`
--

CREATE TABLE `app_users_groups` (
  `GroupId` tinyint(1) UNSIGNED NOT NULL,
  `GroupName` varchar(20) NOT NULL
) ENGINE=InnoDB DEFAULT CHARSET=utf8;

--
-- Dumping data for table `app_users_groups`
--

INSERT INTO `app_users_groups` (`GroupId`, `GroupName`) VALUES
(3, 'مدير تطبيق');

-- --------------------------------------------------------

--
-- Table structure for table `app_users_groups_privileges`
--

CREATE TABLE `app_users_groups_privileges` (
  `Id` tinyint(3) UNSIGNED NOT NULL,
  `GroupId` tinyint(1) UNSIGNED NOT NULL,
  `PrivilegeId` tinyint(3) UNSIGNED NOT NULL
) ENGINE=InnoDB DEFAULT CHARSET=utf8;

--
-- Dumping data for table `app_users_groups_privileges`
--

INSERT INTO `app_users_groups_privileges` (`Id`, `GroupId`, `PrivilegeId`) VALUES
(20, 3, 2),
(21, 3, 3),
(22, 3, 4),
(23, 3, 5),
(24, 3, 6),
(31, 3, 10),
(32, 3, 11),
(33, 3, 12),
(34, 3, 13),
(35, 3, 14),
(36, 3, 15),
(37, 3, 16),
(38, 3, 17),
(39, 3, 18),
(40, 3, 19),
(41, 3, 20),
(42, 3, 21),
(43, 3, 22),
(44, 3, 23);

-- --------------------------------------------------------

--
-- Table structure for table `app_users_privileges`
--

CREATE TABLE `app_users_privileges` (
  `PrivilegeId` tinyint(3) UNSIGNED NOT NULL,
  `Privilege` varchar(30) NOT NULL,
  `PrivilegeTitle` varchar(30) NOT NULL
) ENGINE=InnoDB DEFAULT CHARSET=utf8;

--
-- Dumping data for table `app_users_privileges`
--

INSERT INTO `app_users_privileges` (`PrivilegeId`, `Privilege`, `PrivilegeTitle`) VALUES
(2, '/suppliers/edit', 'تعديل بيانات مورد'),
(3, '/suppliers/delete', 'حذف مورد'),
(4, '/clients/create', 'إن شاء عميل جديد'),
(5, '/clients/edit', 'تعديل بيانات العميل'),
(6, '/clients/delete', 'حذف عميل'),
(10, '/users/default', 'ععرض قائمة المستخدمين'),
(11, '/users/create', 'إضافة مستخدم جديد'),
(12, '/users/edit/', 'تعديل على المستخدمين'),
(13, '/users/delete', 'حذف مستخدمين'),
(14, '/usersgroups/default', 'ععرض مجموعات المستخدمين'),
(15, '/usersgroups/create', 'إضافة مجموعة جديدة'),
(16, '/usersgroups/edit/', 'تعديل على المجموعة'),
(17, '/usersgroups/delete', 'حذف المجمموعة'),
(18, '/privileges/default', 'عرض الصلاحيات'),
(19, '/privileges/create', 'إضافة صلاحية جديدة'),
(20, '/privileges/edit', 'تعديل على الصلاحية'),
(21, '/privileges/delete', 'حذف الصلاحية'),
(22, '/suppliers/default', 'عرض قائمة الموردين'),
(23, '/clients/default', 'عرض قائمة العملاء'),
(24, '/suppliers/create', 'إنشاء مورد جديد');

-- --------------------------------------------------------

--
-- Table structure for table `app_users_profiles`
--

CREATE TABLE `app_users_profiles` (
  `UserId` int(10) UNSIGNED NOT NULL,
  `FirstName` varchar(10) NOT NULL,
  `LastName` varchar(10) NOT NULL,
  `Address` varchar(50) DEFAULT NULL,
  `DOB` date DEFAULT NULL,
  `Image` varchar(30) DEFAULT NULL
) ENGINE=InnoDB DEFAULT CHARSET=utf8;

--
-- Dumping data for table `app_users_profiles`
--

INSERT INTO `app_users_profiles` (`UserId`, `FirstName`, `LastName`, `Address`, `DOB`, `Image`) VALUES
(5, 'youcef', 'harizi', NULL, NULL, NULL),
(6, 'Salah', 'Eddine', NULL, NULL, NULL);

--
-- Indexes for dumped tables
--

--
-- Indexes for table `app_clients`
--
ALTER TABLE `app_clients`
  ADD PRIMARY KEY (`ClientId`);

--
-- Indexes for table `app_expenses_categories`
--
ALTER TABLE `app_expenses_categories`
  ADD PRIMARY KEY (`ExpenseId`);

--
-- Indexes for table `app_expenses_daily_list`
--
ALTER TABLE `app_expenses_daily_list`
  ADD PRIMARY KEY (`DExpenseId`),
  ADD KEY `UserId` (`UserId`),
  ADD KEY `ExpenseId` (`ExpenseId`);

--
-- Indexes for table `app_notifications`
--
ALTER TABLE `app_notifications`
  ADD PRIMARY KEY (`NotificationId`),
  ADD KEY `UserId` (`UserId`);

--
-- Indexes for table `app_products_categories`
--
ALTER TABLE `app_products_categories`
  ADD PRIMARY KEY (`CategoryId`);

--
-- Indexes for table `app_products_list`
--
ALTER TABLE `app_products_list`
  ADD PRIMARY KEY (`ProductId`),
  ADD KEY `CategoryId` (`CategoryId`);

--
-- Indexes for table `app_purchases_invoices`
--
ALTER TABLE `app_purchases_invoices`
  ADD PRIMARY KEY (`InvoiceId`),
  ADD KEY `SupplierId` (`SupplierId`),
  ADD KEY `UserId` (`UserId`);

--
-- Indexes for table `app_purchases_invoices_details`
--
ALTER TABLE `app_purchases_invoices_details`
  ADD PRIMARY KEY (`Id`),
  ADD KEY `ProductId` (`ProductId`),
  ADD KEY `InvoiceId` (`InvoiceId`);

--
-- Indexes for table `app_purchases_invoices_receipts`
--
ALTER TABLE `app_purchases_invoices_receipts`
  ADD PRIMARY KEY (`ReceiptId`),
  ADD KEY `InvoiceId` (`InvoiceId`),
  ADD KEY `UserId` (`UserId`);

--
-- Indexes for table `app_sales_invoices`
--
ALTER TABLE `app_sales_invoices`
  ADD PRIMARY KEY (`InvoiceId`),
  ADD KEY `ClientId` (`ClientId`),
  ADD KEY `UserId` (`UserId`);

--
-- Indexes for table `app_sales_invoices_details`
--
ALTER TABLE `app_sales_invoices_details`
  ADD PRIMARY KEY (`Id`),
  ADD KEY `ProductId` (`ProductId`),
  ADD KEY `InvoiceId` (`InvoiceId`);

--
-- Indexes for table `app_sales_invoices_receipts`
--
ALTER TABLE `app_sales_invoices_receipts`
  ADD PRIMARY KEY (`ReceiptId`),
  ADD KEY `InvoiceId` (`InvoiceId`),
  ADD KEY `UserId` (`UserId`);

--
-- Indexes for table `app_suppliers`
--
ALTER TABLE `app_suppliers`
  ADD PRIMARY KEY (`SupplierId`);

--
-- Indexes for table `app_users`
--
ALTER TABLE `app_users`
  ADD PRIMARY KEY (`UserId`),
  ADD UNIQUE KEY `Username` (`Username`),
  ADD UNIQUE KEY `Email` (`Email`),
  ADD KEY `app_users_ibfk_1` (`GroupId`);

--
-- Indexes for table `app_users_groups`
--
ALTER TABLE `app_users_groups`
  ADD PRIMARY KEY (`GroupId`);

--
-- Indexes for table `app_users_groups_privileges`
--
ALTER TABLE `app_users_groups_privileges`
  ADD PRIMARY KEY (`Id`),
  ADD KEY `GroupId` (`GroupId`),
  ADD KEY `PrivilegeId` (`PrivilegeId`);

--
-- Indexes for table `app_users_privileges`
--
ALTER TABLE `app_users_privileges`
  ADD PRIMARY KEY (`PrivilegeId`);

--
-- Indexes for table `app_users_profiles`
--
ALTER TABLE `app_users_profiles`
  ADD PRIMARY KEY (`UserId`);

--
-- AUTO_INCREMENT for dumped tables
--

--
-- AUTO_INCREMENT for table `app_clients`
--
ALTER TABLE `app_clients`
  MODIFY `ClientId` int(10) UNSIGNED NOT NULL AUTO_INCREMENT, AUTO_INCREMENT=4;

--
-- AUTO_INCREMENT for table `app_expenses_categories`
--
ALTER TABLE `app_expenses_categories`
  MODIFY `ExpenseId` tinyint(3) UNSIGNED NOT NULL AUTO_INCREMENT;

--
-- AUTO_INCREMENT for table `app_expenses_daily_list`
--
ALTER TABLE `app_expenses_daily_list`
  MODIFY `DExpenseId` int(10) UNSIGNED NOT NULL AUTO_INCREMENT;

--
-- AUTO_INCREMENT for table `app_notifications`
--
ALTER TABLE `app_notifications`
  MODIFY `NotificationId` int(10) UNSIGNED NOT NULL AUTO_INCREMENT;

--
-- AUTO_INCREMENT for table `app_products_categories`
--
ALTER TABLE `app_products_categories`
  MODIFY `CategoryId` int(10) UNSIGNED NOT NULL AUTO_INCREMENT, AUTO_INCREMENT=4;

--
-- AUTO_INCREMENT for table `app_products_list`
--
ALTER TABLE `app_products_list`
  MODIFY `ProductId` int(10) UNSIGNED NOT NULL AUTO_INCREMENT, AUTO_INCREMENT=2;

--
-- AUTO_INCREMENT for table `app_purchases_invoices`
--
ALTER TABLE `app_purchases_invoices`
  MODIFY `InvoiceId` int(10) UNSIGNED NOT NULL AUTO_INCREMENT;

--
-- AUTO_INCREMENT for table `app_purchases_invoices_details`
--
ALTER TABLE `app_purchases_invoices_details`
  MODIFY `Id` int(10) UNSIGNED NOT NULL AUTO_INCREMENT;

--
-- AUTO_INCREMENT for table `app_purchases_invoices_receipts`
--
ALTER TABLE `app_purchases_invoices_receipts`
  MODIFY `ReceiptId` int(10) UNSIGNED NOT NULL AUTO_INCREMENT;

--
-- AUTO_INCREMENT for table `app_sales_invoices`
--
ALTER TABLE `app_sales_invoices`
  MODIFY `InvoiceId` int(10) UNSIGNED NOT NULL AUTO_INCREMENT;

--
-- AUTO_INCREMENT for table `app_sales_invoices_details`
--
ALTER TABLE `app_sales_invoices_details`
  MODIFY `Id` int(10) UNSIGNED NOT NULL AUTO_INCREMENT;

--
-- AUTO_INCREMENT for table `app_sales_invoices_receipts`
--
ALTER TABLE `app_sales_invoices_receipts`
  MODIFY `ReceiptId` int(10) UNSIGNED NOT NULL AUTO_INCREMENT;

--
-- AUTO_INCREMENT for table `app_suppliers`
--
ALTER TABLE `app_suppliers`
  MODIFY `SupplierId` int(10) UNSIGNED NOT NULL AUTO_INCREMENT, AUTO_INCREMENT=5;

--
-- AUTO_INCREMENT for table `app_users`
--
ALTER TABLE `app_users`
  MODIFY `UserId` int(10) UNSIGNED NOT NULL AUTO_INCREMENT, AUTO_INCREMENT=12;

--
-- AUTO_INCREMENT for table `app_users_groups`
--
ALTER TABLE `app_users_groups`
  MODIFY `GroupId` tinyint(1) UNSIGNED NOT NULL AUTO_INCREMENT, AUTO_INCREMENT=6;

--
-- AUTO_INCREMENT for table `app_users_groups_privileges`
--
ALTER TABLE `app_users_groups_privileges`
  MODIFY `Id` tinyint(3) UNSIGNED NOT NULL AUTO_INCREMENT, AUTO_INCREMENT=49;

--
-- AUTO_INCREMENT for table `app_users_privileges`
--
ALTER TABLE `app_users_privileges`
  MODIFY `PrivilegeId` tinyint(3) UNSIGNED NOT NULL AUTO_INCREMENT, AUTO_INCREMENT=25;

--
-- AUTO_INCREMENT for table `app_users_profiles`
--
ALTER TABLE `app_users_profiles`
  MODIFY `UserId` int(10) UNSIGNED NOT NULL AUTO_INCREMENT, AUTO_INCREMENT=12;

--
-- Constraints for dumped tables
--

--
-- Constraints for table `app_expenses_daily_list`
--
ALTER TABLE `app_expenses_daily_list`
  ADD CONSTRAINT `app_expenses_daily_list_ibfk_1` FOREIGN KEY (`UserId`) REFERENCES `app_users` (`UserId`),
  ADD CONSTRAINT `app_expenses_daily_list_ibfk_2` FOREIGN KEY (`ExpenseId`) REFERENCES `app_expenses_categories` (`ExpenseId`);

--
-- Constraints for table `app_notifications`
--
ALTER TABLE `app_notifications`
  ADD CONSTRAINT `app_notifications_ibfk_1` FOREIGN KEY (`UserId`) REFERENCES `app_users` (`UserId`);

--
-- Constraints for table `app_products_list`
--
ALTER TABLE `app_products_list`
  ADD CONSTRAINT `app_products_list_ibfk_1` FOREIGN KEY (`CategoryId`) REFERENCES `app_products_categories` (`CategoryId`);

--
-- Constraints for table `app_purchases_invoices`
--
ALTER TABLE `app_purchases_invoices`
  ADD CONSTRAINT `app_purchases_invoices_ibfk_1` FOREIGN KEY (`SupplierId`) REFERENCES `app_suppliers` (`SupplierId`),
  ADD CONSTRAINT `app_purchases_invoices_ibfk_2` FOREIGN KEY (`UserId`) REFERENCES `app_users` (`UserId`);

--
-- Constraints for table `app_purchases_invoices_details`
--
ALTER TABLE `app_purchases_invoices_details`
  ADD CONSTRAINT `app_purchases_invoices_details_ibfk_1` FOREIGN KEY (`ProductId`) REFERENCES `app_products_list` (`ProductId`),
  ADD CONSTRAINT `app_purchases_invoices_details_ibfk_2` FOREIGN KEY (`InvoiceId`) REFERENCES `app_purchases_invoices` (`InvoiceId`);

--
-- Constraints for table `app_purchases_invoices_receipts`
--
ALTER TABLE `app_purchases_invoices_receipts`
  ADD CONSTRAINT `app_purchases_invoices_receipts_ibfk_1` FOREIGN KEY (`InvoiceId`) REFERENCES `app_purchases_invoices` (`InvoiceId`),
  ADD CONSTRAINT `app_purchases_invoices_receipts_ibfk_2` FOREIGN KEY (`UserId`) REFERENCES `app_users` (`UserId`);

--
-- Constraints for table `app_sales_invoices`
--
ALTER TABLE `app_sales_invoices`
  ADD CONSTRAINT `app_sales_invoices_ibfk_1` FOREIGN KEY (`ClientId`) REFERENCES `app_clients` (`ClientId`),
  ADD CONSTRAINT `app_sales_invoices_ibfk_2` FOREIGN KEY (`UserId`) REFERENCES `app_users` (`UserId`);

--
-- Constraints for table `app_sales_invoices_details`
--
ALTER TABLE `app_sales_invoices_details`
  ADD CONSTRAINT `app_sales_invoices_details_ibfk_1` FOREIGN KEY (`ProductId`) REFERENCES `app_products_list` (`ProductId`),
  ADD CONSTRAINT `app_sales_invoices_details_ibfk_2` FOREIGN KEY (`InvoiceId`) REFERENCES `app_sales_invoices` (`InvoiceId`);

--
-- Constraints for table `app_sales_invoices_receipts`
--
ALTER TABLE `app_sales_invoices_receipts`
  ADD CONSTRAINT `app_sales_invoices_receipts_ibfk_1` FOREIGN KEY (`InvoiceId`) REFERENCES `app_sales_invoices` (`InvoiceId`),
  ADD CONSTRAINT `app_sales_invoices_receipts_ibfk_2` FOREIGN KEY (`UserId`) REFERENCES `app_users` (`UserId`);

--
-- Constraints for table `app_users`
--
ALTER TABLE `app_users`
  ADD CONSTRAINT `app_users_ibfk_1` FOREIGN KEY (`GroupId`) REFERENCES `app_users_groups` (`GroupId`) ON DELETE CASCADE;

--
-- Constraints for table `app_users_groups_privileges`
--
ALTER TABLE `app_users_groups_privileges`
  ADD CONSTRAINT `app_users_groups_privileges_ibfk_1` FOREIGN KEY (`GroupId`) REFERENCES `app_users_groups` (`GroupId`),
  ADD CONSTRAINT `app_users_groups_privileges_ibfk_2` FOREIGN KEY (`PrivilegeId`) REFERENCES `app_users_privileges` (`PrivilegeId`);

--
-- Constraints for table `app_users_profiles`
--
ALTER TABLE `app_users_profiles`
  ADD CONSTRAINT `app_users_profiles_ibfk_1` FOREIGN KEY (`UserId`) REFERENCES `app_users` (`UserId`) ON DELETE CASCADE;
COMMIT;

/*!40101 SET CHARACTER_SET_CLIENT=@OLD_CHARACTER_SET_CLIENT */;
/*!40101 SET CHARACTER_SET_RESULTS=@OLD_CHARACTER_SET_RESULTS */;
/*!40101 SET COLLATION_CONNECTION=@OLD_COLLATION_CONNECTION */;
